Wk,Day,Date,Time,Home,Score,Away,Attendance,Venue,Referee,Match Report,Notes
1,Fri,2025-08-15,19:00,Girona,1–3,Rayo Vallecano,"12,403",Estadi Municipal de Montilivi,Javier Alberola,Match Report,
1,Fri,2025-08-15,21:30,Villarreal,2–0,Oviedo,"18,333",Estadio de la Cerámica,Alejandro Muñíz,Match Report,
1,Sat,2025-08-16,19:30,Mallorca,0–3,Barcelona,"23,318",Estadi Mallorca Son Moix,José Luis Munuera,Match Report,
1,Sat,2025-08-16,21:30,Alavés,2–1,Levante,"12,837",Estadio de Mendizorroza,Miguel Sesma,Match Report,
1,Sat,2025-08-16,21:30,Valencia,1–1,Real Sociedad,"45,333",Estadio de Mestalla,Jose Maria Sánchez,Match Report,
1,Sun,2025-08-17,17:00,Celta Vigo,0–2,Getafe,"20,530",Estadio Abanca Balaídos,Iosu Galech,Match Report,
1,Sun,2025-08-17,19:30,Athletic Club,3–2,Sevilla,"49,134",San Mamés,Francisco Hernández,Match Report,
1,Sun,2025-08-17,21:30,Espanyol,2–1,Atlético Madrid,"29,612",RCDE Stadium,Mateo Busquets,Match Report,
1,Mon,2025-08-18,21:00,Elche,1–1,Real Betis,"28,585",Estadio Manuel Martínez Valero,Víctor García,Match Report,
1,Tue,2025-08-19,21:00,Real Madrid,1–0,Osasuna,"68,407",Estadio Santiago Bernabéu,Adrián Cordero,Match Report,
,,,,,,,,,,,
2,Fri,2025-08-22,21:30,Real Betis,1–0,Alavés,"54,646",Estadio La Cartuja de Sevilla,Miguel Ángel Ortiz Arias,Match Report,
2,Sat,2025-08-23,17:00,Mallorca,1–1,Celta Vigo,"16,274",Estadi Mallorca Son Moix,José Guzmán,Match Report,
2,Sat,2025-08-23,19:30,Atlético Madrid,1–1,Elche,"59,369",Riyadh Air Metropolitano,César Soto,Match Report,
2,Sat,2025-08-23,21:30,Levante,2–3,Barcelona,"23,415",Estadio Ciudad de Valencia,Alejandro Hernández,Match Report,
2,Sun,2025-08-24,17:00,Osasuna,1–0,Valencia,"21,226",Estadio El Sadar,Jesús Gil,Match Report,
2,Sun,2025-08-24,19:30,Real Sociedad,2–2,Espanyol,"31,616",Reale Arena,Alejandro Quintero,Match Report,
2,Sun,2025-08-24,19:30,Villarreal,5–0,Girona,"18,195",Estadio de la Cerámica,Guillermo Cuadra,Match Report,
2,Sun,2025-08-24,21:30,Oviedo,0–3,Real Madrid,"29,758",Estadio Nuevo Carlos Tartiere,Ricardo de Burgos,Match Report,
2,Mon,2025-08-25,19:30,Athletic Club,1–0,Rayo Vallecano,"48,703",San Mamés,Juan Martínez,Match Report,
2,Mon,2025-08-25,21:30,Sevilla,1–2,Getafe,"36,697",Estadio Ramón Sánchez Pizjuán,Isidro Díaz de Mera,Match Report,
,,,,,,,,,,,
6,Wed,2025-08-27,21:00,Celta Vigo,1–1,Real Betis,"20,302",Estadio Abanca Balaídos,Jesús Gil,Match Report,
,,,,,,,,,,,
3,Fri,2025-08-29,19:30,Elche,2–0,Levante,"26,936",Estadio Manuel Martínez Valero,Iosu Galech,Match Report,
Wk,Day,Date,Time,Home,Score,Away,Attendance,Venue,Referee,Match Report,Notes
3,Fri,2025-08-29,21:30,Valencia,3–0,Getafe,"45,449",Estadio de Mestalla,Francisco Hernández,Match Report,
3,Sat,2025-08-30,17:00,Alavés,1–1,Atlético Madrid,"18,042",Estadio de Mendizorroza,Víctor García,Match Report,
3,Sat,2025-08-30,19:00,Oviedo,1–0,Real Sociedad,"25,688",Estadio Nuevo Carlos Tartiere,Adrián Cordero,Match Report,
3,Sat,2025-08-30,19:30,Girona,0–2,Sevilla,"11,305",Estadi Municipal de Montilivi,Miguel Ángel Ortiz Arias,Match Report,
3,Sat,2025-08-30,21:30,Real Madrid,2–1,Mallorca,"72,699",Estadio Santiago Bernabéu,Jose Maria Sánchez,Match Report,
3,Sun,2025-08-31,17:00,Celta Vigo,1–1,Villarreal,"20,172",Estadio Abanca Balaídos,Alejandro Quintero,Match Report,
3,Sun,2025-08-31,19:00,Real Betis,1–2,Athletic Club,"65,222",Estadio La Cartuja de Sevilla,Isidro Díaz de Mera,Match Report,
3,Sun,2025-08-31,19:30,Espanyol,1–0,Osasuna,"29,780",RCDE Stadium,Miguel Sesma,Match Report,
3,Sun,2025-08-31,21:30,Rayo Vallecano,1–1,Barcelona,"14,438",Campo de Fútbol de Vallecas,Mateo Busquets,Match Report,
,,,,,,,,,,,
4,Fri,2025-09-12,21:00,Sevilla,2–2,Elche,"37,331",Estadio Ramón Sánchez Pizjuán,Javier Alberola,Match Report,
4,Sat,2025-09-13,14:00,Getafe,2–0,Oviedo,"8,657",Coliseum Alfonso Pérez,José Guzmán,Match Report,
4,Sat,2025-09-13,16:15,Real Sociedad,1–2,Real Madrid,"36,958",Reale Arena,Jesús Gil,Match Report,
4,Sat,2025-09-13,18:30,Athletic Club,0–1,Alavés,"49,136",San Mamés,Jose Maria Sánchez,Match Report,
4,Sat,2025-09-13,21:00,Atlético Madrid,2–0,Villarreal,"63,312",Riyadh Air Metropolitano,José Luis Munuera,Match Report,
4,Sun,2025-09-14,14:00,Celta Vigo,1–1,Girona,"18,862",Estadio Abanca Balaídos,Adrián Cordero,Match Report,
4,Sun,2025-09-14,16:15,Levante,2–2,Real Betis,"21,938",Estadio Ciudad de Valencia,Alejandro Muñíz,Match Report,
4,Sun,2025-09-14,18:30,Osasuna,2–0,Rayo Vallecano,"20,511",Estadio El Sadar,César Soto,Match Report,
4,Sun,2025-09-14,21:00,Barcelona,6–0,Valencia,"5,862",Estadi Johan Cruyff,Guillermo Cuadra,Match Report,
4,Mon,2025-09-15,21:00,Espanyol,3–2,Mallorca,"26,082",RCDE Stadium,Alejandro Hernández,Match Report,
,,,,,,,,,,,
5,Fri,2025-09-19,21:00,Real Betis,3–1,Real Sociedad,"59,773",Estadio La Cartuja de Sevilla,Mateo Busquets,Match Report,
5,Sat,2025-09-20,14:00,Girona,0–4,Levante,"11,048",Estadi Municipal de Montilivi,Alejandro Quintero,Match Report,
5,Sat,2025-09-20,16:15,Real Madrid,2–0,Espanyol,"73,466",Estadio Santiago Bernabéu,Juan Martínez,Match Report,
5,Sat,2025-09-20,18:30,Alavés,1–2,Sevilla,"17,525",Estadio de Mendizorroza,Iosu Galech,Match Report,
Wk,Day,Date,Time,Home,Score,Away,Attendance,Venue,Referee,Match Report,Notes
5,Sat,2025-09-20,18:30,Villarreal,2–1,Osasuna,"17,542",Estadio de la Cerámica,Isidro Díaz de Mera,Match Report,
5,Sat,2025-09-20,21:00,Valencia,2–0,Athletic Club,"46,004",Estadio de Mestalla,Miguel Ángel Ortiz Arias,Match Report,
5,Sun,2025-09-21,14:00,Rayo Vallecano,1–1,Celta Vigo,"13,028",Campo de Fútbol de Vallecas,Víctor García,Match Report,
5,Sun,2025-09-21,16:15,Mallorca,1–1,Atlético Madrid,"21,027",Estadi Mallorca Son Moix,Francisco Hernández,Match Report,
5,Sun,2025-09-21,18:30,Elche,1–0,Oviedo,"27,235",Estadio Manuel Martínez Valero,Miguel Sesma,Match Report,
5,Sun,2025-09-21,21:00,Barcelona,3–0,Getafe,"5,711",Estadi Johan Cruyff,Ricardo de Burgos,Match Report,
,,,,,,,,,,,
6,Tue,2025-09-23,19:00,Espanyol,2–2,Valencia,"26,802",RCDE Stadium,José Guzmán,Match Report,
6,Tue,2025-09-23,19:00,Athletic Club,1–1,Girona,"45,739",San Mamés,José Luis Munuera,Match Report,
6,Tue,2025-09-23,21:30,Levante,1–4,Real Madrid,"23,361",Estadio Ciudad de Valencia,Isidro Díaz de Mera,Match Report,
6,Tue,2025-09-23,21:30,Sevilla,1–2,Villarreal,"38,145",Estadio Ramón Sánchez Pizjuán,César Soto,Match Report,
6,Wed,2025-09-24,19:00,Getafe,1–1,Alavés,"8,005",Coliseum Alfonso Pérez,Alejandro Quintero,Match Report,
6,Wed,2025-09-24,21:30,Atlético Madrid,3–2,Rayo Vallecano,"54,098",Riyadh Air Metropolitano,Alejandro Hernández,Match Report,
6,Wed,2025-09-24,21:30,Real Sociedad,1–0,Mallorca,"22,442",Reale Arena,Iosu Galech,Match Report,
6,Thu,2025-09-25,19:30,Osasuna,1–1,Elche,"19,475",Estadio El Sadar,Adrián Cordero,Match Report,
6,Thu,2025-09-25,21:30,Oviedo,1–3,Barcelona,"29,850",Estadio Nuevo Carlos Tartiere,Miguel Ángel Ortiz Arias,Match Report,
,,,,,,,,,,,
7,Fri,2025-09-26,21:00,Girona,0–0,Espanyol,"11,488",Estadi Municipal de Montilivi,Francisco Hernández,Match Report,
7,Sat,2025-09-27,14:00,Getafe,1–1,Levante,"7,749",Coliseum Alfonso Pérez,Mateo Busquets,Match Report,
7,Sat,2025-09-27,16:15,Atlético Madrid,5–2,Real Madrid,"69,167",Riyadh Air Metropolitano,Javier Alberola,Match Report,
7,Sat,2025-09-27,18:30,Mallorca,1–0,Alavés,"16,275",Estadi Mallorca Son Moix,Adrián Cordero,Match Report,
7,Sat,2025-09-27,21:00,Villarreal,1–0,Athletic Club,"18,908",Estadio de la Cerámica,Miguel Sesma,Match Report,
7,Sun,2025-09-28,14:00,Rayo Vallecano,0–1,Sevilla,"13,080",Campo de Fútbol de Vallecas,Jesús Gil,Match Report,
7,Sun,2025-09-28,16:15,Elche,2–1,Celta Vigo,"26,708",Estadio Manuel Martínez Valero,Guillermo Cuadra,Match Report,
7,Sun,2025-09-28,18:30,Barcelona,2–1,Real Sociedad,"50,103",Estadi Olímpic Lluís Companys,Alejandro Hernández,Match Report,
Wk,Day,Date,Time,Home,Score,Away,Attendance,Venue,Referee,Match Report,Notes
7,Sun,2025-09-28,21:00,Real Betis,2–0,Osasuna,"50,034",Estadio La Cartuja de Sevilla,Víctor García,Match Report,
7,Tue,2025-09-30,20:00,Valencia,1–2,Oviedo,"40,364",Estadio de Mestalla,Ricardo de Burgos,Match Report,
,,,,,,,,,,,
8,Fri,2025-10-03,21:00,Osasuna,2–1,Getafe,"19,895",Estadio El Sadar,Javier Alberola,Match Report,
8,Sat,2025-10-04,14:00,Oviedo,0–2,Levante,"23,878",Estadio Nuevo Carlos Tartiere,José Luis Munuera,Match Report,
8,Sat,2025-10-04,16:15,Girona,2–1,Valencia,"10,867",Estadi Municipal de Montilivi,Isidro Díaz de Mera,Match Report,
8,Sat,2025-10-04,18:30,Athletic Club,2–1,Mallorca,"47,098",San Mamés,Alejandro Quintero,Match Report,
8,Sat,2025-10-04,21:00,Real Madrid,3–1,Villarreal,"75,216",Estadio Santiago Bernabéu,Guillermo Cuadra,Match Report,
8,Sun,2025-10-05,14:00,Alavés,3–1,Elche,"16,203",Estadio de Mendizorroza,Miguel Ángel Ortiz Arias,Match Report,
8,Sun,2025-10-05,16:15,Sevilla,4–1,Barcelona,"41,040",Estadio Ramón Sánchez Pizjuán,Alejandro Muñíz,Match Report,
8,Sun,2025-10-05,18:30,Espanyol,1–2,Real Betis,"32,778",RCDE Stadium,Iosu Galech,Match Report,
8,Sun,2025-10-05,18:30,Real Sociedad,0–1,Rayo Vallecano,"31,189",Reale Arena,José Guzmán,Match Report,
8,Sun,2025-10-05,21:00,Celta Vigo,1–1,Atlético Madrid,"20,877",Estadio Abanca Balaídos,César Soto,Match Report,
,,,,,,,,,,,
9,Fri,2025-10-17,21:00,Oviedo,0–2,Espanyol,"25,625",Estadio Nuevo Carlos Tartiere,Mateo Busquets,Match Report,
9,Sat,2025-10-18,14:00,Sevilla,1–3,Mallorca,"37,008",Estadio Ramón Sánchez Pizjuán,Víctor García,Match Report,
9,Sat,2025-10-18,16:15,Barcelona,2–1,Girona,"43,172",Estadi Olímpic Lluís Companys,Jesús Gil,Match Report,
9,Sat,2025-10-18,18:30,Villarreal,2–2,Real Betis,"19,238",Estadio de la Cerámica,Francisco Hernández,Match Report,
9,Sat,2025-10-18,21:00,Atlético Madrid,1–0,Osasuna,"62,884",Riyadh Air Metropolitano,Ricardo de Burgos,Match Report,
9,Sun,2025-10-19,14:00,Elche,0–0,Athletic Club,"29,043",Estadio Manuel Martínez Valero,José Guzmán,Match Report,
9,Sun,2025-10-19,16:15,Celta Vigo,1–1,Real Sociedad,"19,102",Estadio Abanca Balaídos,Juan Martínez,Match Report,
9,Sun,2025-10-19,18:30,Levante,0–3,Rayo Vallecano,"20,312",Estadio Ciudad de Valencia,Miguel Sesma,Match Report,
9,Sun,2025-10-19,21:00,Getafe,0–1,Real Madrid,"10,090",Coliseum Alfonso Pérez,José Luis Munuera,Match Report,
9,Mon,2025-10-20,21:00,Alavés,0–0,Valencia,"15,564",Estadio de Mendizorroza,Iosu Galech,Match Report,
,,,,,,,,,,,
Wk,Day,Date,Time,Home,Score,Away,Attendance,Venue,Referee,Match Report,Notes
10,Fri,2025-10-24,21:00,Real Sociedad,2–1,Sevilla,"30,965",Reale Arena,Adrián Cordero,Match Report,
10,Sat,2025-10-25,14:00,Girona,3–3,Oviedo,"11,120",Estadi Municipal de Montilivi,Alejandro Muñíz,Match Report,
10,Sat,2025-10-25,16:15,Espanyol,1–0,Elche,"30,820",RCDE Stadium,Ricardo de Burgos,Match Report,
10,Sat,2025-10-25,18:30,Athletic Club,0–1,Getafe,"47,749",San Mamés,Isidro Díaz de Mera,Match Report,
10,Sat,2025-10-25,21:00,Valencia,0–2,Villarreal,"45,560",Estadio de Mestalla,Javier Alberola,Match Report,
10,Sun,2025-10-26,14:00,Mallorca,1–1,Levante,"12,964",Estadi Mallorca Son Moix,Miguel Ángel Ortiz Arias,Match Report,
10,Sun,2025-10-26,16:15,Real Madrid,2–1,Barcelona,"78,107",Estadio Santiago Bernabéu,César Soto,Match Report,
10,Sun,2025-10-26,18:30,Osasuna,2–3,Celta Vigo,"20,065",Estadio El Sadar,Alejandro Hernández,Match Report,
10,Sun,2025-10-26,21:00,Rayo Vallecano,1–0,Alavés,"11,734",Campo de Fútbol de Vallecas,Víctor García,Match Report,
10,Mon,2025-10-27,21:00,Real Betis,0–2,Atlético Madrid,"57,537",Estadio La Cartuja de Sevilla,Juan Martínez,Match Report,
,,,,,,,,,,,
11,Fri,2025-10-31,21:00,Getafe,2–1,Girona,"7,223",Coliseum Alfonso Pérez,Jose Maria Sánchez,Match Report,
11,Sat,2025-11-01,14:00,Villarreal,4–0,Rayo Vallecano,"17,022",Estadio de la Cerámica,Iosu Galech,Match Report,
11,Sat,2025-11-01,16:15,Atlético Madrid,3–0,Sevilla,"66,119",Riyadh Air Metropolitano,Francisco Hernández,Match Report,
11,Sat,2025-11-01,18:30,Real Sociedad,3–2,Athletic Club,"37,685",Reale Arena,José Luis Munuera,Match Report,
11,Sat,2025-11-01,21:00,Real Madrid,4–0,Valencia,"74,796",Estadio Santiago Bernabéu,Mateo Busquets,Match Report,
11,Sun,2025-11-02,14:00,Levante,1–2,Celta Vigo,"19,513",Estadio Ciudad de Valencia,Alejandro Quintero,Match Report,
11,Sun,2025-11-02,16:15,Alavés,2–1,Espanyol,"17,149",Estadio de Mendizorroza,Guillermo Cuadra,Match Report,
11,Sun,2025-11-02,18:30,Barcelona,3–1,Elche,"44,370",Estadi Olímpic Lluís Companys,Miguel Sesma,Match Report,
11,Sun,2025-11-02,21:00,Real Betis,3–0,Mallorca,"54,747",Estadio La Cartuja de Sevilla,Jesús Gil,Match Report,
11,Mon,2025-11-03,21:00,Oviedo,0–0,Osasuna,"23,795",Estadio Nuevo Carlos Tartiere,José Guzmán,Match Report,
,,,,,,,,,,,
12,Fri,2025-11-07,21:00,Elche,1–1,Real Sociedad,"26,242",Estadio Manuel Martínez Valero,Isidro Díaz de Mera,Match Report,
12,Sat,2025-11-08,14:00,Girona,1–0,Alavés,"10,050",Estadi Municipal de Montilivi,Adrián Cordero,Match Report,
12,Sat,2025-11-08,16:15,Sevilla,1–0,Osasuna,"35,169",Estadio Ramón Sánchez Pizjuán,Miguel Ángel Ortiz Arias,Match Report,
Wk,Day,Date,Time,Home,Score,Away,Attendance,Venue,Referee,Match Report,Notes
12,Sat,2025-11-08,18:30,Atlético Madrid,3–1,Levante,"60,119",Riyadh Air Metropolitano,Jesús Gil,Match Report,
12,Sat,2025-11-08,21:00,Espanyol,0–2,Villarreal,"29,540",RCDE Stadium,Alejandro Hernández,Match Report,
12,Sun,2025-11-09,14:00,Athletic Club,1–0,Oviedo,"47,209",San Mamés,César Soto,Match Report,
12,Sun,2025-11-09,16:15,Rayo Vallecano,0–0,Real Madrid,"14,468",Campo de Fútbol de Vallecas,Juan Martínez,Match Report,
12,Sun,2025-11-09,18:30,Mallorca,1–0,Getafe,"17,507",Estadi Mallorca Son Moix,Ricardo de Burgos,Match Report,
12,Sun,2025-11-09,18:30,Valencia,1–1,Real Betis,"45,820",Estadio de Mestalla,Víctor García,Match Report,
12,Sun,2025-11-09,21:00,Celta Vigo,2–4,Barcelona,"21,887",Estadio Abanca Balaídos,Javier Alberola,Match Report,
,,,,,,,,,,,
13,Fri,2025-11-21,21:00,Valencia,1–0,Levante,"46,302",Estadio de Mestalla,Alejandro Muñíz,Match Report,
13,Sat,2025-11-22,14:00,Alavés,0–1,Celta Vigo,"16,582",Estadio de Mendizorroza,Juan Martínez,Match Report,
13,Sat,2025-11-22,16:15,Barcelona,4–0,Athletic Club,"45,157",Spotify Camp Nou,Jose Maria Sánchez,Match Report,
13,Sat,2025-11-22,18:30,Osasuna,1–3,Real Sociedad,"21,377",Estadio El Sadar,Mateo Busquets,Match Report,
13,Sat,2025-11-22,21:00,Villarreal,2–1,Mallorca,"16,854",Estadio de la Cerámica,José Guzmán,Match Report,
13,Sun,2025-11-23,14:00,Oviedo,0–0,Rayo Vallecano,"23,684",Estadio Nuevo Carlos Tartiere,Alejandro Quintero,Match Report,
13,Sun,2025-11-23,16:15,Real Betis,1–1,Girona,"64,268",Estadio La Cartuja de Sevilla,Iosu Galech,Match Report,
13,Sun,2025-11-23,18:30,Getafe,0–1,Atlético Madrid,"9,783",Coliseum Alfonso Pérez,Guillermo Cuadra,Match Report,
13,Sun,2025-11-23,21:00,Elche,2–2,Real Madrid,"31,024",Estadio Manuel Martínez Valero,Francisco Hernández,Match Report,
13,Mon,2025-11-24,21:00,Espanyol,2–1,Sevilla,"25,166",RCDE Stadium,Miguel Sesma,Match Report,
,,,,,,,,,,,
14,Fri,2025-11-28,21:00,Getafe,1–0,Elche,"7,697",Coliseum Alfonso Pérez,Alejandro Hernández,Match Report,
14,Sat,2025-11-29,14:00,Mallorca,2–2,Osasuna,"15,457",Estadi Mallorca Son Moix,Jesús Gil,Match Report,
14,Sat,2025-11-29,16:15,Barcelona,3–1,Alavés,"44,834",Spotify Camp Nou,Miguel Ángel Ortiz Arias,Match Report,
14,Sat,2025-11-29,18:30,Levante,0–2,Athletic Club,"19,848",Estadio Ciudad de Valencia,Adrián Cordero,Match Report,
14,Sat,2025-11-29,21:00,Atlético Madrid,2–0,Oviedo,"61,305",Riyadh Air Metropolitano,Víctor Acosta,Match Report,
14,Sun,2025-11-30,14:00,Real Sociedad,2–3,Villarreal,"30,140",Reale Arena,César Soto,Match Report,
Wk,Day,Date,Time,Home,Score,Away,Attendance,Venue,Referee,Match Report,Notes
14,Sun,2025-11-30,16:15,Sevilla,0–2,Real Betis,"42,580",Estadio Ramón Sánchez Pizjuán,José Luis Munuera,Match Report,
14,Sun,2025-11-30,18:30,Celta Vigo,0–1,Espanyol,"20,031",Estadio Abanca Balaídos,Isidro Díaz de Mera,Match Report,
14,Sun,2025-11-30,21:00,Girona,1–1,Real Madrid,"14,005",Estadi Municipal de Montilivi,Ricardo de Burgos,Match Report,
14,Mon,2025-12-01,21:00,Rayo Vallecano,1–1,Valencia,"11,267",Campo de Fútbol de Vallecas,Javier Alberola,Match Report,
,,,,,,,,,,,
19,Tue,2025-12-02,21:00,Barcelona,3–1,Atlético Madrid,"45,205",Spotify Camp Nou,Ricardo de Burgos,Match Report,
19,Wed,2025-12-03,19:00,Athletic Club,0–3,Real Madrid,"51,313",San Mamés,Jesús Gil,Match Report,
,,,,,,,,,,,
15,Fri,2025-12-05,21:00,Oviedo,0–0,Mallorca,"23,333",Estadio Nuevo Carlos Tartiere,Iosu Galech,Match Report,
15,Sat,2025-12-06,14:00,Villarreal,2–0,Getafe,"17,089",Estadio de la Cerámica,Mateo Busquets,Match Report,
15,Sat,2025-12-06,16:15,Alavés,1–0,Real Sociedad,"18,132",Estadio de Mendizorroza,Javier Alberola,Match Report,
15,Sat,2025-12-06,18:30,Real Betis,3–5,Barcelona,"64,562",Estadio La Cartuja de Sevilla,Francisco Hernández,Match Report,
15,Sat,2025-12-06,21:00,Athletic Club,1–0,Atlético Madrid,"48,904",San Mamés,Alejandro Muñíz,Match Report,
15,Sun,2025-12-07,14:00,Elche,3–0,Girona,"23,374",Estadio Manuel Martínez Valero,Miguel Sesma,Match Report,
15,Sun,2025-12-07,16:15,Valencia,1–1,Sevilla,"44,369",Estadio de Mestalla,Guillermo Cuadra,Match Report,
15,Sun,2025-12-07,18:30,Espanyol,1–0,Rayo Vallecano,"28,110",RCDE Stadium,Jose Maria Sánchez,Match Report,
15,Sun,2025-12-07,21:00,Real Madrid,0–2,Celta Vigo,"74,511",Estadio Santiago Bernabéu,Alejandro Quintero,Match Report,
15,Mon,2025-12-08,21:00,Osasuna,2–0,Levante,"18,160",Estadio El Sadar,José Guzmán,Match Report,
,,,,,,,,,,,
16,Fri,2025-12-12,21:00,Real Sociedad,1–2,Girona,"26,122",Reale Arena,Miguel Ángel Ortiz Arias,Match Report,
16,Sat,2025-12-13,14:00,Atlético Madrid,2–1,Valencia,"61,011",Riyadh Air Metropolitano,César Soto,Match Report,
16,Sat,2025-12-13,16:15,Mallorca,3–1,Elche,"16,199",Estadi Mallorca Son Moix,José Luis Munuera,Match Report,
16,Sat,2025-12-13,18:30,Barcelona,2–0,Osasuna,"42,058",Spotify Camp Nou,Adrián Cordero,Match Report,
16,Sat,2025-12-13,21:00,Getafe,0–1,Espanyol,"7,443",Coliseum Alfonso Pérez,Jesús Gil,Match Report,
16,Sun,2025-12-14,14:00,Sevilla,4–0,Oviedo,"32,885",Estadio Ramón Sánchez Pizjuán,Isidro Díaz de Mera,Match Report,
Wk,Day,Date,Time,Home,Score,Away,Attendance,Venue,Referee,Match Report,Notes
16,Sun,2025-12-14,16:15,Celta Vigo,2–0,Athletic Club,"20,505",Estadio Abanca Balaídos,Alejandro Hernández,Match Report,
16,Sun,2025-12-14,21:00,Alavés,1–2,Real Madrid,"19,290",Estadio de Mendizorroza,Víctor García,Match Report,
16,Mon,2025-12-15,21:00,Rayo Vallecano,0–0,Real Betis,"11,489",Campo de Fútbol de Vallecas,Ricardo de Burgos,Match Report,
,,,,,,,,,,,
17,Fri,2025-12-19,21:00,Valencia,1–1,Mallorca,"41,179",Estadio de Mestalla,Alejandro Quintero,Match Report,
17,Sat,2025-12-20,14:00,Oviedo,0–0,Celta Vigo,"23,613",Estadio Nuevo Carlos Tartiere,Francisco Hernández,Match Report,
17,Sat,2025-12-20,16:15,Levante,1–1,Real Sociedad,"17,346",Estadio Ciudad de Valencia,Guillermo Cuadra,Match Report,
17,Sat,2025-12-20,18:30,Osasuna,3–0,Alavés,"20,408",Estadio El Sadar,César Soto,Match Report,
17,Sat,2025-12-20,21:00,Real Madrid,2–0,Sevilla,"72,062",Estadio Santiago Bernabéu,Alejandro Muñíz,Match Report,
17,Sun,2025-12-21,14:00,Girona,0–3,Atlético Madrid,"12,363",Estadi Municipal de Montilivi,José Guzmán,Match Report,
17,Sun,2025-12-21,16:15,Villarreal,0–2,Barcelona,"20,701",Estadio de la Cerámica,Javier Alberola,Match Report,
17,Sun,2025-12-21,18:30,Elche,4–0,Rayo Vallecano,"23,765",Estadio Manuel Martínez Valero,Adrián Cordero,Match Report,
17,Sun,2025-12-21,21:00,Real Betis,4–0,Getafe,"54,365",Estadio La Cartuja de Sevilla,Miguel Sesma,Match Report,
17,Mon,2025-12-22,21:00,Athletic Club,1–2,Espanyol,"47,856",San Mamés,Mateo Busquets,Match Report,
,,,,,,,,,,,
18,Fri,2026-01-02,21:00,Rayo Vallecano,1–1,Getafe,"12,544",Campo de Fútbol de Vallecas,Miguel Ángel Ortiz Arias,Match Report,
18,Sat,2026-01-03,14:00,Celta Vigo,4–1,Valencia,"20,475",Estadio Abanca Balaídos,Ricardo de Burgos,Match Report,
18,Sat,2026-01-03,16:15,Osasuna,1–1,Athletic Club,"22,010",Estadio El Sadar,José Luis Munuera,Match Report,
18,Sat,2026-01-03,18:30,Elche,1–3,Villarreal,"27,078",Estadio Manuel Martínez Valero,Isidro Díaz de Mera,Match Report,
18,Sat,2026-01-03,21:00,Espanyol,0–2,Barcelona,"36,283",RCDE Stadium,Víctor García,Match Report,
18,Sun,2026-01-04,14:00,Sevilla,0–3,Levante,"25,303",Estadio Ramón Sánchez Pizjuán,Iosu Galech,Match Report,
18,Sun,2026-01-04,16:15,Real Madrid,5–1,Real Betis,"75,190",Estadio Santiago Bernabéu,Alejandro Hernández,Match Report,
18,Sun,2026-01-04,18:30,Mallorca,1–2,Girona,"16,011",Estadi Mallorca Son Moix,Javier Alberola,Match Report,
18,Sun,2026-01-04,18:30,Alavés,1–1,Oviedo,"17,345",Estadio de Mendizorroza,Jesús Gil,Match Report,
18,Sun,2026-01-04,21:00,Real Sociedad,1–1,Atlético Madrid,"31,576",Reale Arena,Juan Martínez,Match Report,
Wk,Day,Date,Time,Home,Score,Away,Attendance,Venue,Referee,Match Report,Notes
,,,,,,,,,,,
19,Fri,2026-01-09,21:00,Getafe,1–2,Real Sociedad,"7,497",Coliseum Alfonso Pérez,Francisco Hernández,Match Report,
19,Sat,2026-01-10,14:00,Oviedo,1–1,Real Betis,"25,549",Estadio Nuevo Carlos Tartiere,Guillermo Cuadra,Match Report,
19,Sat,2026-01-10,16:15,Villarreal,3–1,Alavés,"17,011",Estadio de la Cerámica,Alejandro Muñíz,Match Report,
19,Sat,2026-01-10,18:30,Girona,1–0,Osasuna,"12,059",Estadi Municipal de Montilivi,Alejandro Hernández,Match Report,
19,Sat,2026-01-10,21:00,Valencia,1–1,Elche,"44,949",Estadio de Mestalla,Miguel Ángel Ortiz Arias,Match Report,
19,Sun,2026-01-11,14:00,Rayo Vallecano,2–1,Mallorca,"12,223",Campo de Fútbol de Vallecas,Juan Martínez,Match Report,
19,Sun,2026-01-11,16:15,Levante,1–1,Espanyol,"20,501",Estadio Ciudad de Valencia,César Soto,Match Report,
19,Mon,2026-01-12,21:00,Sevilla,0–1,Celta Vigo,"31,383",Estadio Ramón Sánchez Pizjuán,Jose Maria Sánchez,Match Report,
,,,,,,,,,,,
20,Fri,2026-01-16,21:00,Espanyol,0–2,Girona,"28,451",RCDE Stadium,Iosu Galech,Match Report,
20,Sat,2026-01-17,14:00,Real Madrid,2–0,Levante,"70,104",Estadio Santiago Bernabéu,Miguel Sesma,Match Report,
20,Sat,2026-01-17,16:15,Mallorca,3–2,Athletic Club,"14,284",Estadi Mallorca Son Moix,José Guzmán,Match Report,
20,Sat,2026-01-17,18:30,Osasuna,3–2,Oviedo,"20,651",Estadio El Sadar,Alejandro Quintero,Match Report,
20,Sat,2026-01-17,21:00,Real Betis,2–0,Villarreal,"60,138",Estadio La Cartuja de Sevilla,Víctor García,Match Report,
20,Sun,2026-01-18,14:00,Getafe,0–1,Valencia,"8,361",Coliseum Alfonso Pérez,Isidro Díaz de Mera,Match Report,
20,Sun,2026-01-18,16:15,Atlético Madrid,1–0,Alavés,"61,192",Riyadh Air Metropolitano,Guillermo Cuadra,Match Report,
20,Sun,2026-01-18,18:30,Celta Vigo,3–0,Rayo Vallecano,"20,835",Estadio Abanca Balaídos,Mateo Busquets,Match Report,
20,Sun,2026-01-18,21:00,Real Sociedad,2–1,Barcelona,"36,346",Reale Arena,Jesús Gil,Match Report,
20,Mon,2026-01-19,21:00,Elche,2–2,Sevilla,"22,594",Estadio Manuel Martínez Valero,Ricardo de Burgos,Match Report,
,,,,,,,,,,,
21,Fri,2026-01-23,21:00,Levante,3–2,Elche,"18,973",Estadio Ciudad de Valencia,José Luis Munuera,Match Report,
21,Sat,2026-01-24,14:00,Rayo Vallecano,1–3,Osasuna,"12,091",Campo de Fútbol de Vallecas,Miguel Sesma,Match Report,
21,Sat,2026-01-24,16:15,Valencia,3–2,Espanyol,"44,163",Estadio de Mestalla,Alejandro Hernández,Match Report,
21,Sat,2026-01-24,18:30,Sevilla,2–1,Athletic Club,"34,642",Estadio Ramón Sánchez Pizjuán,Francisco Hernández,Match Report,
Wk,Day,Date,Time,Home,Score,Away,Attendance,Venue,Referee,Match Report,Notes
21,Sat,2026-01-24,21:00,Villarreal,0–2,Real Madrid,"20,432",Estadio de la Cerámica,César Soto,Match Report,
21,Sun,2026-01-25,14:00,Atlético Madrid,3–0,Mallorca,"55,028",Riyadh Air Metropolitano,Jose Maria Sánchez,Match Report,
21,Sun,2026-01-25,16:15,Barcelona,3–0,Oviedo,"44,763",Spotify Camp Nou,Juan Martínez,Match Report,
21,Sun,2026-01-25,18:30,Real Sociedad,3–1,Celta Vigo,"29,682",Reale Arena,Javier Alberola,Match Report,
21,Sun,2026-01-25,21:00,Alavés,2–1,Real Betis,"14,810",Estadio de Mendizorroza,Miguel Ángel Ortiz Arias,Match Report,
21,Mon,2026-01-26,21:00,Girona,1–1,Getafe,"11,388",Estadi Municipal de Montilivi,Alejandro Quintero,Match Report,
,,,,,,,,,,,
22,Fri,2026-01-30,21:00,Espanyol,1–2,Alavés,"25,881",RCDE Stadium,Miguel Sesma,Match Report,
22,Sat,2026-01-31,14:00,Oviedo,1–0,Girona,"25,085",Estadio Nuevo Carlos Tartiere,Javier Alberola,Match Report,
22,Sat,2026-01-31,16:15,Osasuna,2–2,Villarreal,"20,455",Estadio El Sadar,Ricardo de Burgos,Match Report,
22,Sat,2026-01-31,18:30,Levante,0–0,Atlético Madrid,"20,573",Estadio Ciudad de Valencia,Víctor García,Match Report,
22,Sat,2026-01-31,21:00,Elche,1–3,Barcelona,"31,233",Estadio Manuel Martínez Valero,Alejandro Muñíz,Match Report,
22,Sun,2026-02-01,14:00,Real Madrid,2–1,Rayo Vallecano,"71,051",Estadio Santiago Bernabéu,Isidro Díaz de Mera,Match Report,
22,Sun,2026-02-01,16:15,Real Betis,2–1,Valencia,"57,523",Estadio La Cartuja de Sevilla,Jose Maria Sánchez,Match Report,
22,Sun,2026-02-01,18:30,Getafe,0–0,Celta Vigo,"7,363",Coliseum Alfonso Pérez,Iosu Galech,Match Report,
22,Sun,2026-02-01,21:00,Athletic Club,1–1,Real Sociedad,"48,020",San Mamés,Guillermo Cuadra,Match Report,
22,Mon,2026-02-02,21:00,Mallorca,4–1,Sevilla,"15,621",Estadi Mallorca Son Moix,César Soto,Match Report,
,,,,,,,,,,,
23,Fri,2026-02-06,21:00,Celta Vigo,1–2,Osasuna,"18,705",Estadio Abanca Balaídos,José Luis Munuera,Match Report,
23,Sat,2026-02-07,16:15,Barcelona,3–0,Mallorca,"44,301",Spotify Camp Nou,Alejandro Quintero,Match Report,
23,Sat,2026-02-07,21:00,Real Sociedad,3–1,Elche,"30,187",Reale Arena,José Guzmán,Match Report,
23,Sun,2026-02-08,14:00,Alavés,0–2,Getafe,"15,960",Estadio de Mendizorroza,Juan Martínez,Match Report,
23,Sun,2026-02-08,16:15,Athletic Club,4–2,Levante,"46,487",San Mamés,Alejandro Muñíz,Match Report,
23,Sun,2026-02-08,16:15,Sevilla,1–1,Girona,"30,384",Estadio Ramón Sánchez Pizjuán,Jesús Gil,Match Report,
23,Sun,2026-02-08,18:30,Atlético Madrid,0–1,Real Betis,"65,210",Riyadh Air Metropolitano,Mateo Busquets,Match Report,
Wk,Day,Date,Time,Home,Score,Away,Attendance,Venue,Referee,Match Report,Notes
23,Sun,2026-02-08,21:00,Valencia,0–2,Real Madrid,"47,515",Estadio de Mestalla,Javier Alberola,Match Report,
23,Mon,2026-02-09,21:00,Villarreal,4–1,Espanyol,"16,825",Estadio de la Cerámica,Adrián Cordero,Match Report,
,,,,,,,,,,,
24,Fri,2026-02-13,21:00,Elche,0–0,Osasuna,"21,253",Estadio Manuel Martínez Valero,Jose Maria Sánchez,Match Report,
24,Sat,2026-02-14,14:00,Espanyol,2–2,Celta Vigo,"27,368",RCDE Stadium,Guillermo Cuadra,Match Report,
24,Sat,2026-02-14,16:15,Getafe,2–1,Villarreal,"7,551",Coliseum Alfonso Pérez,Miguel Sesma,Match Report,
24,Sat,2026-02-14,18:30,Sevilla,1–1,Alavés,"32,846",Estadio Ramón Sánchez Pizjuán,Iosu Galech,Match Report,
24,Sat,2026-02-14,21:00,Real Madrid,4–1,Real Sociedad,"74,176",Estadio Santiago Bernabéu,Francisco Hernández,Match Report,
24,Sun,2026-02-15,14:00,Oviedo,1–2,Athletic Club,"25,255",Estadio Nuevo Carlos Tartiere,Mateo Busquets,Match Report,
24,Sun,2026-02-15,16:15,Rayo Vallecano,3–0,Atlético Madrid,"5,335",Estadio Municipal de Butarque,Ricardo de Burgos,Match Report,
24,Sun,2026-02-15,18:30,Levante,0–2,Valencia,"22,967",Estadio Ciudad de Valencia,Miguel Ángel Ortiz Arias,Match Report,
24,Sun,2026-02-15,21:00,Mallorca,1–2,Real Betis,"18,658",Estadi Mallorca Son Moix,Isidro Díaz de Mera,Match Report,
24,Mon,2026-02-16,21:00,Girona,2–1,Barcelona,"14,043",Estadi Municipal de Montilivi,César Soto,Match Report,
,,,,,,,,,,,
16,Wed,2026-02-18,20:00,Levante,0–1,Villarreal,"18,153",Estadio Ciudad de Valencia,Juan Martínez,Match Report,
,,,,,,,,,,,
25,Fri,2026-02-20,21:00,Athletic Club,2–1,Elche,"46,654",San Mamés,Alejandro Hernández,Match Report,
25,Sat,2026-02-21,14:00,Real Sociedad,3–3,Oviedo,"30,917",Reale Arena,José Luis Munuera,Match Report,
25,Sat,2026-02-21,16:15,Real Betis,1–1,Rayo Vallecano,"59,436",Estadio La Cartuja de Sevilla,Juan Martínez,Match Report,
25,Sat,2026-02-21,18:30,Osasuna,2–1,Real Madrid,"22,480",Estadio El Sadar,Alejandro Quintero,Match Report,
25,Sat,2026-02-21,21:00,Atlético Madrid,4–2,Espanyol,"56,412",Riyadh Air Metropolitano,Alejandro Muñíz,Match Report,
25,Sun,2026-02-22,14:00,Getafe,0–1,Sevilla,"8,814",Coliseum Alfonso Pérez,Mateo Busquets,Match Report,
25,Sun,2026-02-22,16:15,Barcelona,3–0,Levante,"44,936",Spotify Camp Nou,Javier Alberola,Match Report,
25,Sun,2026-02-22,18:30,Celta Vigo,2–0,Mallorca,"19,689",Estadio Abanca Balaídos,José Guzmán,Match Report,
25,Sun,2026-02-22,21:00,Villarreal,2–1,Valencia,"19,233",Estadio de la Cerámica,Jesús Gil,Match Report,
Wk,Day,Date,Time,Home,Score,Away,Attendance,Venue,Referee,Match Report,Notes
25,Mon,2026-02-23,21:00,Alavés,2–2,Girona,"14,117",Estadio de Mendizorroza,Adrián Cordero,Match Report,
,,,,,,,,,,,
26,Fri,2026-02-27,21:00,Levante,2–0,Alavés,"17,880",Estadio Ciudad de Valencia,Francisco Hernández,Match Report,
26,Sat,2026-02-28,14:00,Rayo Vallecano,1–1,Athletic Club,"13,512",Campo de Fútbol de Vallecas,Víctor García,Match Report,
26,Sat,2026-02-28,16:15,Barcelona,4–1,Villarreal,"44,256",Spotify Camp Nou,Isidro Díaz de Mera,Match Report,
26,Sat,2026-02-28,18:30,Mallorca,0–1,Real Sociedad,"17,120",Estadi Mallorca Son Moix,Miguel Sesma,Match Report,
26,Sat,2026-02-28,21:00,Oviedo,0–1,Atlético Madrid,"27,067",Estadio Nuevo Carlos Tartiere,César Soto,Match Report,
26,Sun,2026-03-01,14:00,Elche,2–2,Espanyol,"25,028",Estadio Manuel Martínez Valero,Iosu Galech,Match Report,
26,Sun,2026-03-01,16:15,Valencia,1–0,Osasuna,"44,415",Estadio de Mestalla,Adrián Cordero,Match Report,
26,Sun,2026-03-01,18:30,Real Betis,2–2,Sevilla,"67,447",Estadio La Cartuja de Sevilla,Ricardo de Burgos,Match Report,
26,Sun,2026-03-01,21:00,Girona,1–2,Celta Vigo,"11,371",Estadi Municipal de Montilivi,Miguel Ángel Ortiz Arias,Match Report,
26,Mon,2026-03-02,21:00,Real Madrid,0–1,Getafe,"65,104",Estadio Santiago Bernabéu,Alejandro Muñíz,Match Report,
,,,,,,,,,,,
23,Wed,2026-03-04,19:00,Rayo Vallecano,3–0,Oviedo,"11,886",Campo de Fútbol de Vallecas,Alejandro Hernández,Match Report,
,,,,,,,,,,,
27,Fri,2026-03-06,21:00,Celta Vigo,1–2,Real Madrid,"22,048",Estadio Abanca Balaídos,Isidro Díaz de Mera,Match Report,
27,Sat,2026-03-07,14:00,Osasuna,2–2,Mallorca,"19,746",Estadio El Sadar,Alejandro Hernández,Match Report,
27,Sat,2026-03-07,16:15,Levante,1–1,Girona,"18,542",Estadio Ciudad de Valencia,Guillermo Cuadra,Match Report,
27,Sat,2026-03-07,18:30,Atlético Madrid,3–2,Real Sociedad,"60,788",Riyadh Air Metropolitano,Adrián Cordero,Match Report,
27,Sat,2026-03-07,21:00,Athletic Club,0–1,Barcelona,"50,629",San Mamés,José Luis Munuera,Match Report,
27,Sun,2026-03-08,14:00,Villarreal,2–1,Elche,"16,301",Estadio de la Cerámica,Víctor García,Match Report,
27,Sun,2026-03-08,16:15,Getafe,2–0,Real Betis,"8,757",Coliseum Alfonso Pérez,Francisco Hernández,Match Report,
27,Sun,2026-03-08,18:30,Sevilla,1–1,Rayo Vallecano,"37,178",Estadio Ramón Sánchez Pizjuán,Alejandro Muñíz,Match Report,
27,Sun,2026-03-08,21:00,Valencia,3–2,Alavés,"41,512",Estadio de Mestalla,José Guzmán,Match Report,
27,Mon,2026-03-09,21:00,Espanyol,1–1,Oviedo,"24,807",RCDE Stadium,Javier Alberola,Match Report,
Wk,Day,Date,Time,Home,Score,Away,Attendance,Venue,Referee,Match Report,Notes
,,,,,,,,,,,
28,Fri,2026-03-13,21:00,Alavés,1–1,Villarreal,"16,215",Estadio de Mendizorroza,Alejandro Quintero,Match Report,
28,Sat,2026-03-14,14:00,Girona,3–0,Athletic Club,"8,811",Estadi Municipal de Montilivi,Iosu Galech,Match Report,
28,Sat,2026-03-14,16:15,Atlético Madrid,1–0,Getafe,"58,893",Riyadh Air Metropolitano,Miguel Ángel Ortiz Arias,Match Report,
28,Sat,2026-03-14,18:30,Oviedo,1–0,Valencia,"22,826",Estadio Nuevo Carlos Tartiere,Miguel Sesma,Match Report,
28,Sat,2026-03-14,21:00,Real Madrid,4–1,Elche,"71,048",Estadio Santiago Bernabéu,Jesús Gil,Match Report,
28,Sun,2026-03-15,14:00,Mallorca,2–1,Espanyol,"17,879",Estadi Mallorca Son Moix,Ricardo de Burgos,Match Report,
28,Sun,2026-03-15,16:15,Barcelona,5–2,Sevilla,"56,483",Spotify Camp Nou,Juan Martínez,Match Report,
28,Sun,2026-03-15,18:30,Real Betis,1–1,Celta Vigo,"58,689",Estadio La Cartuja de Sevilla,Jose Maria Sánchez,Match Report,
28,Sun,2026-03-15,21:00,Real Sociedad,3–1,Osasuna,"30,856",Reale Arena,Guillermo Cuadra,Match Report,
28,Mon,2026-03-16,21:00,Rayo Vallecano,1–1,Levante,"10,975",Campo de Fútbol de Vallecas,César Soto,Match Report,